sound1,round1,high1,low1,front1,back1,tense1,sound2,P2i1,orP2i1,diffP2i1,round2,high2,low2,front2,back2,tense2,full1,full2
a,-,-,+,-,-,-,e,0.6184834123222749,0.8755274261603375,-0.25704401383806263,-,-,-,+,-,+,rhLfbt,rhlFbT
a,-,-,+,-,-,-,i,0.9289099526066352,0.9936708860759492,-0.06476093346931422,-,+,-,+,-,+,rhLfbt,rHlFbT
a,-,-,+,-,-,-,o,0.6492890995260664,0.90084388185654,-0.2515547823304737,+,-,-,-,+,+,rhLfbt,RhlfBT
a,-,-,+,-,-,-,u,0.8578199052132701,0.9240506329113924,-0.06623072769812233,+,+,-,-,+,+,rhLfbt,RHlfBT
a,-,-,+,-,-,-,ə,0.12322274881516589,0.24261603375527427,-0.1193932849401084,-,-,-,-,-,-,rhLfbt,rhlfbt
a,-,-,+,-,-,-,y,0.02369668246445497,0.05063291139240506,-0.02693622892795008,+,+,-,+,-,+,rhLfbt,RHlFbT
a,-,-,+,-,-,-,ɑ,0.02132701421800948,0.02953586497890295,-0.00820885076089347,-,-,+,-,+,-,rhLfbt,rhLfBt
a,-,-,+,-,-,-,ɤ,0.01421800947867298,0.03375527426160337,-0.01953726478293038,-,-,-,-,+,+,rhLfbt,rhlfBT
a,-,-,+,-,-,-,æ,0.04502369668246445,0.06751054852320675,-0.02248685184074229,-,-,+,+,-,-,rhLfbt,rhLFbt
a,-,-,+,-,-,-,ɛ,0.4431279620853081,0.5274261603375527,-0.08429819825224466,-,-,-,+,-,-,rhLfbt,rhlFbt
a,-,-,+,-,-,-,ɪ,0.13270142180094788,0.14767932489451477,-0.01497790309356689,-,+,-,+,-,-,rhLfbt,rHlFbt
a,-,-,+,-,-,-,ʊ,0.1066350710900474,0.1308016877637131,-0.02416661667366569,+,+,-,-,+,-,rhLfbt,RHlfBt
a,-,-,+,-,-,-,ɔ,0.4265402843601896,0.5,-0.07345971563981041,+,-,-,-,+,-,rhLfbt,RhlfBt
a,-,-,+,-,-,-,ɯ,0.05924170616113744,0.06962025316455696,-0.01037854700341951,-,+,-,-,+,+,rhLfbt,rHlfBT
a,-,-,+,-,-,-,ɨ,0.2132701421800948,0.2721518987341772,-0.05888175655408242,-,+,-,-,-,+,rhLfbt,rHlfbT
a,-,-,+,-,-,-,ø,0.00947867298578199,0.02953586497890295,-0.02005719199312096,+,-,-,+,-,+,rhLfbt,RhlFbT
a,-,-,+,-,-,-,œ,0.00473933649289099,0.0189873417721519,-0.0142480052792609,+,-,-,+,-,-,rhLfbt,RhlFbt
a,-,-,+,-,-,-,ɒ,0.00710900473933649,0.0189873417721519,-0.0118783370328154,+,-,+,-,+,-,rhLfbt,RhLfBt
a,-,-,+,-,-,-,ɐ,0.00710900473933649,0.01265822784810126,-0.00554922310876477,+,-,+,-,-,-,rhLfbt,RhLfbt
a,-,-,+,-,-,-,ʌ,0.04028436018957346,0.04641350210970464,-0.00612914192013118,-,-,-,-,+,-,rhLfbt,rhlfBt
e,-,-,-,+,-,+,a,0.8969072164948454,0.9518348623853212,-0.05492764589047572,-,-,+,-,-,-,rhlFbT,rhLfbt
e,-,-,-,+,-,+,i,0.9484536082474226,1,-0.05154639175257736,-,+,-,+,-,+,rhlFbT,rHlFbT
e,-,-,-,+,-,+,o,0.9072164948453608,0.9587155963302753,-0.05149910148491443,+,-,-,-,+,+,rhlFbT,RhlfBT
e,-,-,-,+,-,+,u,0.8762886597938144,0.944954128440367,-0.06866546864655254,+,+,-,-,+,+,rhlFbT,RHlfBT
e,-,-,-,+,-,+,ə,0.17525773195876287,0.25229357798165136,-0.07703584602288849,-,-,-,-,-,-,rhlFbT,rhlfbt
e,-,-,-,+,-,+,y,0.02405498281786941,0.04587155963302752,-0.02181657681515811,+,+,-,+,-,+,rhlFbT,RHlFbT
e,-,-,-,+,-,+,ɑ,0.06529209621993128,0.06651376146788991,-0.00122166524795863,-,-,+,-,+,-,rhlFbT,rhLfBt
e,-,-,-,+,-,+,ɤ,0.00687285223367697,0.02981651376146789,-0.02294366152779091,-,-,-,-,+,+,rhlFbT,rhlfBT
e,-,-,-,+,-,+,æ,0.06529209621993128,0.08486238532110092,-0.01957028910116964,-,-,+,+,-,-,rhlFbT,rhLFbt
e,-,-,-,+,-,+,ɛ,0.30927835051546393,0.49770642201834864,-0.1884280715028847,-,-,-,+,-,-,rhlFbT,rhlFbt
e,-,-,-,+,-,+,ɪ,0.12714776632302405,0.14908256880733944,-0.02193480248431539,-,+,-,+,-,-,rhlFbT,rHlFbt
e,-,-,-,+,-,+,ʊ,0.12714776632302405,0.14220183486238533,-0.01505406853936128,+,+,-,-,+,-,rhlFbT,RHlfBt
e,-,-,-,+,-,+,ɔ,0.3436426116838488,0.5137614678899083,-0.1701188562060595,+,-,-,-,+,-,rhlFbT,RhlfBt
e,-,-,-,+,-,+,ɯ,0.04123711340206185,0.06192660550458716,-0.0206894921025253,-,+,-,-,+,+,rhlFbT,rHlfBT
e,-,-,-,+,-,+,ɨ,0.2542955326460481,0.2591743119266055,-0.00487877928055741,-,+,-,-,-,+,rhlFbT,rHlfbT
e,-,-,-,+,-,+,ø,0.01374570446735395,0.03211009174311927,-0.01836438727576531,+,-,-,+,-,+,rhlFbT,RhlFbT
e,-,-,-,+,-,+,œ,0.00687285223367697,0.01834862385321101,-0.01147577161953403,+,-,-,+,-,-,rhlFbT,RhlFbt
e,-,-,-,+,-,+,ɒ,0.01374570446735395,0.01834862385321101,-0.00460291938585705,+,-,+,-,+,-,rhlFbT,RhLfBt
e,-,-,-,+,-,+,ɐ,0.01374570446735395,0.01376146788990825,-1.5763422554306017e-5,+,-,+,-,-,-,rhlFbT,RhLfbt
e,-,-,-,+,-,+,ʌ,0.04123711340206185,0.05275229357798165,-0.0115151801759198,-,-,-,-,+,-,rhlFbT,rhlfBt
i,-,+,-,+,-,+,a,0.9011494252873564,0.9438877755511024,-0.04273835026374595,-,-,+,-,-,-,rHlFbT,rhLfbt
i,-,+,-,+,-,+,e,0.6344827586206897,0.87374749498998,-0.23926473636929024,-,-,-,+,-,+,rHlFbT,rhlFbT
i,-,+,-,+,-,+,o,0.6666666666666666,0.8917835671342685,-0.2251169004676019,+,-,-,-,+,+,rHlFbT,RhlfBT
i,-,+,-,+,-,+,u,0.8827586206896552,0.9298597194388778,-0.04710109874922263,+,+,-,-,+,+,rHlFbT,RHlfBT
i,-,+,-,+,-,+,ə,0.1471264367816092,0.24248496993987975,-0.09535853315827056,-,-,-,-,-,-,rHlFbT,rhlfbt
i,-,+,-,+,-,+,y,0.02068965517241379,0.04809619238476954,-0.02740653721235574,+,+,-,+,-,+,rHlFbT,RHlFbT
i,-,+,-,+,-,+,ɑ,0.06206896551724138,0.07014028056112225,-0.00807131504388086,-,-,+,-,+,-,rHlFbT,rhLfBt
i,-,+,-,+,-,+,ɤ,0.01839080459770115,0.03807615230460922,-0.01968534770690807,-,-,-,-,+,+,rHlFbT,rhlfBT
i,-,+,-,+,-,+,æ,0.06206896551724138,0.08216432865731463,-0.02009536314007325,-,-,+,+,-,-,rHlFbT,rhLFbt
i,-,+,-,+,-,+,ɛ,0.42758620689655175,0.5290581162324649,-0.10147190933591316,-,-,-,+,-,-,rHlFbT,rhlFbt
i,-,+,-,+,-,+,ɪ,0.12413793103448276,0.14428857715430862,-0.02015064611982586,-,+,-,+,-,-,rHlFbT,rHlFbt
i,-,+,-,+,-,+,ʊ,0.11264367816091954,0.13226452905811625,-0.01962085089719668,+,+,-,-,+,-,rHlFbT,RHlfBt
i,-,+,-,+,-,+,ɔ,0.4206896551724138,0.4969939879759519,-0.0763043328035381,+,-,-,-,+,-,rHlFbT,RhlfBt
i,-,+,-,+,-,+,ɯ,0.0528735632183908,0.07014028056112225,-0.01726671734273144,-,+,-,-,+,+,rHlFbT,rHlfBT
i,-,+,-,+,-,+,ɨ,0.21839080459770116,0.26452905811623245,-0.04613825351853129,-,+,-,-,-,+,rHlFbT,rHlfbT
i,-,+,-,+,-,+,ø,0.00919540229885057,0.03006012024048096,-0.02086471794163038,+,-,-,+,-,+,rHlFbT,RhlFbT
i,-,+,-,+,-,+,œ,0.00459770114942528,0.02004008016032064,-0.01544237901089535,+,-,-,+,-,-,rHlFbT,RhlFbt
i,-,+,-,+,-,+,ɒ,0.00689655172413793,0.02004008016032064,-0.01314352843618271,+,-,+,-,+,-,rHlFbT,RhLfBt
i,-,+,-,+,-,+,ɐ,0.01149425287356321,0.01402805611222444,-0.00253380323866123,+,-,+,-,-,-,rHlFbT,RhLfbt
i,-,+,-,+,-,+,ʌ,0.04137931034482758,0.05210420841683366,-0.01072489807200607,-,-,-,-,+,-,rHlFbT,rhlfBt
o,+,-,-,-,+,+,a,0.8589341692789969,0.953125,-0.0941908307210031,-,-,+,-,-,-,RhlfBT,rhLfbt
o,+,-,-,-,+,+,e,0.8275862068965517,0.9330357142857144,-0.1054495073891626,-,-,-,+,-,+,RhlfBT,rhlFbT
o,+,-,-,-,+,+,i,0.9090909090909092,0.9933035714285714,-0.08421266233766234,-,+,-,+,-,+,RhlfBT,rHlFbT
o,+,-,-,-,+,+,u,0.8150470219435737,0.921875,-0.1068279780564263,+,+,-,-,+,+,RhlfBT,RHlfBT
o,+,-,-,-,+,+,ə,0.1786833855799373,0.2544642857142857,-0.0757809001343484,-,-,-,-,-,-,RhlfBT,rhlfbt
o,+,-,-,-,+,+,y,0.02507836990595611,0.05133928571428571,-0.0262609158083296,+,+,-,+,-,+,RhlfBT,RHlFbT
o,+,-,-,-,+,+,ɑ,0.07523510971786834,0.06696428571428571,0.00827082400358263,-,-,+,-,+,-,RhlfBT,rhLfBt
o,+,-,-,-,+,+,ɤ,0.00626959247648902,0.02455357142857142,-0.0182839789520824,-,-,-,-,+,+,RhlfBT,rhlfBT
o,+,-,-,-,+,+,æ,0.09090909090909093,0.08482142857142858,0.00608766233766233,-,-,+,+,-,-,RhlfBT,rhLFbt
o,+,-,-,-,+,+,ɛ,0.3510971786833856,0.5290178571428571,-0.17792067845947152,-,-,-,+,-,-,RhlfBT,rhlFbt
o,+,-,-,-,+,+,ɪ,0.15047021943573669,0.16071428571428573,-0.01024406627854904,-,+,-,+,-,-,RhlfBT,rHlFbt
o,+,-,-,-,+,+,ʊ,0.13793103448275862,0.14508928571428573,-0.0071582512315271,+,+,-,-,+,-,RhlfBT,RHlfBt
o,+,-,-,-,+,+,ɔ,0.3166144200626959,0.49107142857142855,-0.17445700850873264,+,-,-,-,+,-,RhlfBT,RhlfBt
o,+,-,-,-,+,+,ɯ,0.04702194357366771,0.07142857142857142,-0.02440662785490371,-,+,-,-,+,+,RhlfBT,rHlfBT
o,+,-,-,-,+,+,ɨ,0.22884012539184953,0.24776785714285715,-0.01892773175100762,-,+,-,-,-,+,RhlfBT,rHlfbT
o,+,-,-,-,+,+,ø,0.01253918495297805,0.03348214285714285,-0.0209429579041648,+,-,-,+,-,+,RhlfBT,RhlFbT
o,+,-,-,-,+,+,œ,0.00313479623824451,0.02008928571428571,-0.0169544894760412,+,-,-,+,-,-,RhlfBT,RhlFbt
o,+,-,-,-,+,+,ɒ,0.01253918495297805,0.02232142857142857,-0.00978224361845051,+,-,+,-,+,-,RhlfBT,RhLfBt
o,+,-,-,-,+,+,ɐ,0.01253918495297805,0.015625,-0.00308581504702194,+,-,+,-,-,-,RhlfBT,RhLfbt
o,+,-,-,-,+,+,ʌ,0.03761755485893417,0.05357142857142857,-0.01595387371249439,-,-,-,-,+,-,RhlfBT,rhlfBt
u,+,+,-,-,+,+,a,0.8916256157635468,0.9439655172413792,-0.05233990147783252,-,-,+,-,-,-,RHlfBT,rhLfbt
u,+,+,-,-,+,+,e,0.6280788177339901,0.8879310344827587,-0.25985221674876857,-,-,-,+,-,+,RHlfBT,rhlFbT
u,+,+,-,-,+,+,i,0.9458128078817734,1,-0.05418719211822664,-,+,-,+,-,+,RHlfBT,rHlFbT
u,+,+,-,-,+,+,o,0.6403940886699507,0.8900862068965517,-0.24969211822660095,+,-,-,-,+,+,RHlfBT,RhlfBT
u,+,+,-,-,+,+,ə,0.14532019704433496,0.25,-0.10467980295566504,-,-,-,-,-,-,RHlfBT,rhlfbt
u,+,+,-,-,+,+,y,0.02216748768472906,0.05172413793103448,-0.02955665024630541,+,+,-,+,-,+,RHlfBT,RHlFbT
u,+,+,-,-,+,+,ɑ,0.05911330049261083,0.07327586206896551,-0.01416256157635467,-,-,+,-,+,-,RHlfBT,rhLfBt
u,+,+,-,-,+,+,ɤ,0.01724137931034482,0.03879310344827586,-0.02155172413793103,-,-,-,-,+,+,RHlfBT,rhlfBT
u,+,+,-,-,+,+,æ,0.0665024630541872,0.08405172413793104,-0.01754926108374384,-,-,+,+,-,-,RHlfBT,rhLFbt
u,+,+,-,-,+,+,ɛ,0.4433497536945813,0.5431034482758621,-0.0997536945812808,-,-,-,+,-,-,RHlfBT,rhlFbt
u,+,+,-,-,+,+,ɪ,0.14285714285714285,0.14655172413793102,-0.00369458128078817,-,+,-,+,-,-,RHlfBT,rHlFbt
u,+,+,-,-,+,+,ʊ,0.1354679802955665,0.1336206896551724,0.0018472906403941,+,+,-,-,+,-,RHlfBT,RHlfBt
u,+,+,-,-,+,+,ɔ,0.4482758620689655,0.5280172413793104,-0.07974137931034486,+,-,-,-,+,-,RHlfBT,RhlfBt
u,+,+,-,-,+,+,ɯ,0.0541871921182266,0.0668103448275862,-0.01262315270935959,-,+,-,-,+,+,RHlfBT,rHlfBT
u,+,+,-,-,+,+,ɨ,0.2019704433497537,0.2521551724137931,-0.05018472906403939,-,+,-,-,-,+,RHlfBT,rHlfbT
u,+,+,-,-,+,+,ø,0.00985221674876847,0.03017241379310345,-0.02032019704433498,+,-,-,+,-,+,RHlfBT,RhlFbT
u,+,+,-,-,+,+,œ,0.00246305418719211,0.01939655172413793,-0.01693349753694581,+,-,-,+,-,-,RHlfBT,RhlFbt
u,+,+,-,-,+,+,ɒ,0.00492610837438423,0.01939655172413793,-0.01447044334975369,+,-,+,-,+,-,RHlfBT,RhLfBt
u,+,+,-,-,+,+,ɐ,0.00985221674876847,0.01508620689655172,-0.00523399014778325,+,-,+,-,-,-,RHlfBT,RhLfbt
u,+,+,-,-,+,+,ʌ,0.04433497536945813,0.05603448275862069,-0.01169950738916256,-,-,-,-,+,-,RHlfBT,rhlfBt
y,+,+,-,+,-,+,a,0.9090909090909092,0.96,-0.0509090909090909,-,-,+,-,-,-,RHlFbT,rhLfbt
y,+,+,-,+,-,+,e,0.6363636363636364,0.8,-0.1636363636363637,-,-,-,+,-,+,RHlFbT,rhlFbT
y,+,+,-,+,-,+,i,0.8181818181818182,0.96,-0.14181818181818173,-,+,-,+,-,+,RHlFbT,rHlFbT
y,+,+,-,+,-,+,o,0.7272727272727273,0.92,-0.19272727272727275,+,-,-,-,+,+,RHlFbT,RhlfBT
y,+,+,-,+,-,+,u,0.8181818181818182,0.96,-0.14181818181818173,+,+,-,-,+,+,RHlFbT,RHlfBT
y,+,+,-,+,-,+,ə,0,0.4,-0.4,-,-,-,-,-,-,RHlFbT,rhlfbt
y,+,+,-,+,-,+,ɑ,0.18181818181818185,0.24,-0.05818181818181817,-,-,+,-,+,-,RHlFbT,rhLfBt
y,+,+,-,+,-,+,ɤ,0,0.04,-0.04,-,-,-,-,+,+,RHlFbT,rhlfBT
y,+,+,-,+,-,+,æ,0.2727272727272727,0.2,0.0727272727272727,-,-,+,+,-,-,RHlFbT,rhLFbt
y,+,+,-,+,-,+,ɛ,0.4545454545454546,0.6,-0.14545454545454545,-,-,-,+,-,-,RHlFbT,rhlFbt
y,+,+,-,+,-,+,ɪ,0.09090909090909093,0.12,-0.02909090909090908,-,+,-,+,-,-,RHlFbT,rHlFbt
y,+,+,-,+,-,+,ʊ,0,0.04,-0.04,+,+,-,-,+,-,RHlFbT,RHlfBt
y,+,+,-,+,-,+,ɔ,0.2727272727272727,0.44,-0.1672727272727273,+,-,-,-,+,-,RHlFbT,RhlfBt
y,+,+,-,+,-,+,ɯ,0.09090909090909093,0.12,-0.02909090909090908,-,+,-,-,+,+,RHlFbT,rHlfBT
y,+,+,-,+,-,+,ɨ,0,0.16,-0.16,-,+,-,-,-,+,RHlFbT,rHlfbT
y,+,+,-,+,-,+,ø,0.3636363636363637,0.44,-0.07636363636363636,+,-,-,+,-,+,RHlFbT,RhlFbT
y,+,+,-,+,-,+,œ,0.09090909090909093,0.28,-0.18909090909090912,+,-,-,+,-,-,RHlFbT,RhlFbt
y,+,+,-,+,-,+,ɒ,0,0.08,-0.08,+,-,+,-,+,-,RHlFbT,RhLfBt
y,+,+,-,+,-,+,ɐ,0.09090909090909093,0.08,0.01090909090909091,+,-,+,-,-,-,RHlFbT,RhLfbt
y,+,+,-,+,-,+,ʌ,0,0,0,-,-,-,-,+,-,RHlFbT,rhlfBt
æ,-,-,+,+,-,-,a,0.4418604651162791,0.7619047619047619,-0.3200442967884828,-,-,+,-,-,-,rhLFbt,rhLfbt
æ,-,-,+,+,-,-,e,0.4418604651162791,0.8809523809523809,-0.43909191583610185,-,-,-,+,-,+,rhLFbt,rhlFbT
æ,-,-,+,+,-,-,i,0.627906976744186,0.9761904761904762,-0.3482834994462901,-,+,-,+,-,+,rhLFbt,rHlFbT
æ,-,-,+,+,-,-,o,0.6744186046511628,0.9047619047619048,-0.230343300110742,+,-,-,-,+,+,rhLFbt,RhlfBT
æ,-,-,+,+,-,-,u,0.627906976744186,0.9285714285714286,-0.30066445182724255,+,+,-,-,+,+,rhLFbt,RHlfBT
æ,-,-,+,+,-,-,ə,0.2558139534883721,0.4523809523809524,-0.19656699889258028,-,-,-,-,-,-,rhLFbt,rhlfbt
æ,-,-,+,+,-,-,y,0.06976744186046512,0.11904761904761904,-0.04928017718715392,+,+,-,+,-,+,rhLFbt,RHlFbT
æ,-,-,+,+,-,-,ɑ,0.27906976744186046,0.23809523809523808,0.04097452934662238,-,-,+,-,+,-,rhLFbt,rhLfBt
æ,-,-,+,+,-,-,ɤ,0,0.0238095238095238,-0.0238095238095238,-,-,-,-,+,+,rhLFbt,rhlfBT
æ,-,-,+,+,-,-,ɛ,0.06976744186046512,0.42857142857142855,-0.3588039867109634,-,-,-,+,-,-,rhLFbt,rhlFbt
æ,-,-,+,+,-,-,ɪ,0.3488372093023256,0.3333333333333333,0.01550387596899227,-,+,-,+,-,-,rhLFbt,rHlFbt
æ,-,-,+,+,-,-,ʊ,0.3953488372093023,0.2619047619047619,0.1334440753045404,+,+,-,-,+,-,rhLFbt,RHlfBt
æ,-,-,+,+,-,-,ɔ,0.20930232558139536,0.47619047619047616,-0.2668881506090808,+,-,-,-,+,-,rhLFbt,RhlfBt
æ,-,-,+,+,-,-,ɯ,0.02325581395348837,0.04761904761904761,-0.02436323366555924,-,+,-,-,+,+,rhLFbt,rHlfBT
æ,-,-,+,+,-,-,ɨ,0.09302325581395347,0.16666666666666666,-0.07364341085271317,-,+,-,-,-,+,rhLFbt,rHlfbT
æ,-,-,+,+,-,-,ø,0,0.04761904761904761,-0.04761904761904761,+,-,-,+,-,+,rhLFbt,RhlFbT
æ,-,-,+,+,-,-,œ,0.02325581395348837,0.04761904761904761,-0.02436323366555924,+,-,-,+,-,-,rhLFbt,RhlFbt
æ,-,-,+,+,-,-,ɒ,0.04651162790697674,0.07142857142857142,-0.02491694352159468,+,-,+,-,+,-,rhLFbt,RhLfBt
æ,-,-,+,+,-,-,ɐ,0,0.04761904761904761,-0.04761904761904761,+,-,+,-,-,-,rhLFbt,RhLfbt
æ,-,-,+,+,-,-,ʌ,0.02325581395348837,0.09523809523809525,-0.07198228128460686,-,-,-,-,+,-,rhLFbt,rhlfBt
ø,+,-,-,+,-,+,a,0.8,0.9333333333333332,-0.1333333333333333,-,-,+,-,-,-,RhlFbT,rhLfbt
ø,+,-,-,+,-,+,e,0.8,0.9333333333333332,-0.1333333333333333,-,-,-,+,-,+,RhlFbT,rhlFbT
ø,+,-,-,+,-,+,i,0.8,1,-0.19999999999999996,-,+,-,+,-,+,RhlFbT,rHlFbT
ø,+,-,-,+,-,+,o,0.8,1,-0.19999999999999996,+,-,-,-,+,+,RhlFbT,RhlfBT
ø,+,-,-,+,-,+,u,0.8,0.9333333333333332,-0.1333333333333333,+,+,-,-,+,+,RhlFbT,RHlfBT
ø,+,-,-,+,-,+,ə,0,0.3333333333333333,-0.3333333333333333,-,-,-,-,-,-,RhlFbT,rhlfbt
ø,+,-,-,+,-,+,y,0.8,0.7333333333333333,0.06666666666666676,+,+,-,+,-,+,RhlFbT,RHlFbT
ø,+,-,-,+,-,+,ɑ,0,0.26666666666666666,-0.26666666666666666,-,-,+,-,+,-,RhlFbT,rhLfBt
ø,+,-,-,+,-,+,ɤ,0,0,0,-,-,-,-,+,+,RhlFbT,rhlfBT
ø,+,-,-,+,-,+,æ,0,0.13333333333333333,-0.13333333333333333,-,-,+,+,-,-,RhlFbT,rhLFbt
ø,+,-,-,+,-,+,ɛ,0.6,0.7333333333333333,-0.1333333333333333,-,-,-,+,-,-,RhlFbT,rhlFbt
ø,+,-,-,+,-,+,ɪ,0.2,0.2,0,-,+,-,+,-,-,RhlFbT,rHlFbt
ø,+,-,-,+,-,+,ʊ,0.2,0.13333333333333333,0.06666666666666668,+,+,-,-,+,-,RhlFbT,RHlfBt
ø,+,-,-,+,-,+,ɔ,0,0.6,-0.6,+,-,-,-,+,-,RhlFbT,RhlfBt
ø,+,-,-,+,-,+,ɯ,0,0.06666666666666667,-0.06666666666666667,-,+,-,-,+,+,RhlFbT,rHlfBT
ø,+,-,-,+,-,+,ɨ,0,0.06666666666666667,-0.06666666666666667,-,+,-,-,-,+,RhlFbT,rHlfbT
ø,+,-,-,+,-,+,œ,0,0.26666666666666666,-0.26666666666666666,+,-,-,+,-,-,RhlFbT,RhlFbt
ø,+,-,-,+,-,+,ɒ,0.2,0.13333333333333333,0.06666666666666668,+,-,+,-,+,-,RhlFbT,RhLfBt
ø,+,-,-,+,-,+,ɐ,0,0.06666666666666667,-0.06666666666666667,+,-,+,-,-,-,RhlFbT,RhLfbt
ø,+,-,-,+,-,+,ʌ,0,0,0,-,-,-,-,+,-,RhlFbT,rhlfBt
ɤ,-,-,-,-,+,+,a,0.6666666666666666,0.8421052631578947,-0.17543859649122806,-,-,+,-,-,-,rhlfBT,rhLfbt
ɤ,-,-,-,-,+,+,e,0.2222222222222222,0.6842105263157895,-0.4619883040935673,-,-,-,+,-,+,rhlfBT,rhlFbT
ɤ,-,-,-,-,+,+,i,0.8888888888888888,1,-0.11111111111111116,-,+,-,+,-,+,rhlfBT,rHlFbT
ɤ,-,-,-,-,+,+,o,0.2222222222222222,0.5789473684210527,-0.35672514619883045,+,-,-,-,+,+,rhlfBT,RhlfBT
ɤ,-,-,-,-,+,+,u,0.7777777777777778,0.9473684210526316,-0.16959064327485374,+,+,-,-,+,+,rhlfBT,RHlfBT
ɤ,-,-,-,-,+,+,ə,0,0.05263157894736842,-0.05263157894736842,-,-,-,-,-,-,rhlfBT,rhlfbt
ɤ,-,-,-,-,+,+,y,0,0.05263157894736842,-0.05263157894736842,+,+,-,+,-,+,rhlfBT,RHlFbT
ɤ,-,-,-,-,+,+,ɑ,0.1111111111111111,0.10526315789473684,0.00584795321637426,-,-,+,-,+,-,rhlfBT,rhLfBt
ɤ,-,-,-,-,+,+,æ,0,0.05263157894736842,-0.05263157894736842,-,-,+,+,-,-,rhlfBT,rhLFbt
ɤ,-,-,-,-,+,+,ɛ,0.3333333333333333,0.631578947368421,-0.2982456140350877,-,-,-,+,-,-,rhlfBT,rhlFbt
ɤ,-,-,-,-,+,+,ɪ,0,0.05263157894736842,-0.05263157894736842,-,+,-,+,-,-,rhlfBT,rHlFbt
ɤ,-,-,-,-,+,+,ʊ,0,0.05263157894736842,-0.05263157894736842,+,+,-,-,+,-,rhlfBT,RHlfBt
ɤ,-,-,-,-,+,+,ɔ,0.3333333333333333,0.631578947368421,-0.2982456140350877,+,-,-,-,+,-,rhlfBT,RhlfBt
ɤ,-,-,-,-,+,+,ɯ,0.3333333333333333,0.6842105263157895,-0.3508771929824562,-,+,-,-,+,+,rhlfBT,rHlfBT
ɤ,-,-,-,-,+,+,ɨ,0,0,0,-,+,-,-,-,+,rhlfBT,rHlfbT
ɤ,-,-,-,-,+,+,ø,0,0,0,+,-,-,+,-,+,rhlfBT,RhlFbT
ɤ,-,-,-,-,+,+,œ,0,0,0,+,-,-,+,-,-,rhlfBT,RhlFbt
ɤ,-,-,-,-,+,+,ɒ,0,0,0,+,-,+,-,+,-,rhlfBT,RhLfBt
ɤ,-,-,-,-,+,+,ɐ,0.1111111111111111,0.05263157894736842,0.05847953216374269,+,-,+,-,-,-,rhlfBT,RhLfbt
ɤ,-,-,-,-,+,+,ʌ,0.1111111111111111,0.21052631578947367,-0.09941520467836255,-,-,-,-,+,-,rhlfBT,rhlfBt
ɯ,-,+,-,-,+,+,a,0.8620689655172413,0.8918918918918919,-0.02982292637465056,-,-,+,-,-,-,rHlfBT,rhLfbt
ɯ,-,+,-,-,+,+,e,0.41379310344827586,0.7297297297297297,-0.31593662628145386,-,-,-,+,-,+,rHlfBT,rhlFbT
ɯ,-,+,-,-,+,+,i,0.7931034482758621,0.945945945945946,-0.15284249767008384,-,+,-,+,-,+,rHlfBT,rHlFbT
ɯ,-,+,-,-,+,+,o,0.5172413793103449,0.8648648648648649,-0.34762348555452005,+,-,-,-,+,+,rHlfBT,RhlfBT
ɯ,-,+,-,-,+,+,u,0.7586206896551724,0.8378378378378378,-0.07921714818266545,+,+,-,-,+,+,rHlfBT,RHlfBT
ɯ,-,+,-,-,+,+,ə,0.1724137931034483,0.2702702702702703,-0.097856477166822,-,-,-,-,-,-,rHlfBT,rhlfbt
ɯ,-,+,-,-,+,+,y,0.03448275862068965,0.08108108108108109,-0.04659832246039143,+,+,-,+,-,+,rHlfBT,RHlFbT
ɯ,-,+,-,-,+,+,ɑ,0.03448275862068965,0.10810810810810811,-0.07362534948741846,-,-,+,-,+,-,rHlfBT,rhLfBt
ɯ,-,+,-,-,+,+,ɤ,0.10344827586206896,0.35135135135135137,-0.2479030754892824,-,-,-,-,+,+,rHlfBT,rhlfBT
ɯ,-,+,-,-,+,+,æ,0.03448275862068965,0.05405405405405406,-0.0195712954333644,-,-,+,+,-,-,rHlfBT,rhLFbt
ɯ,-,+,-,-,+,+,ɛ,0.41379310344827586,0.5945945945945946,-0.18080149114631877,-,-,-,+,-,-,rHlfBT,rhlFbt
ɯ,-,+,-,-,+,+,ɪ,0.10344827586206896,0.08108108108108109,0.02236719478098788,-,+,-,+,-,-,rHlfBT,rHlFbt
ɯ,-,+,-,-,+,+,ʊ,0,0.02702702702702703,-0.02702702702702703,+,+,-,-,+,-,rHlfBT,RHlfBt
ɯ,-,+,-,-,+,+,ɔ,0.4827586206896552,0.5135135135135135,-0.03075489282385829,+,-,-,-,+,-,rHlfBT,RhlfBt
ɯ,-,+,-,-,+,+,ɨ,0.03448275862068965,0.10810810810810811,-0.07362534948741846,-,+,-,-,-,+,rHlfBT,rHlfbT
ɯ,-,+,-,-,+,+,ø,0,0.02702702702702703,-0.02702702702702703,+,-,-,+,-,+,rHlfBT,RhlFbT
ɯ,-,+,-,-,+,+,œ,0,0.02702702702702703,-0.02702702702702703,+,-,-,+,-,-,rHlfBT,RhlFbt
ɯ,-,+,-,-,+,+,ɒ,0,0,0,+,-,+,-,+,-,rHlfBT,RhLfBt
ɯ,-,+,-,-,+,+,ɐ,0.06896551724137931,0.08108108108108109,-0.01211556383970177,+,-,+,-,-,-,rHlfBT,RhLfbt
ɯ,-,+,-,-,+,+,ʌ,0.1724137931034483,0.1891891891891892,-0.01677539608574091,-,-,-,-,+,-,rHlfBT,rhlfBt
ɔ,+,-,-,-,+,-,a,0.9137055837563453,0.9518072289156626,-0.03810164515931746,-,-,+,-,-,-,RhlfBt,rhLfbt
ɔ,+,-,-,-,+,-,e,0.5076142131979695,0.8995983935742972,-0.3919841803763277,-,-,-,+,-,+,RhlfBt,rhlFbT
ɔ,+,-,-,-,+,-,i,0.9289340101522844,0.9959839357429718,-0.06704992559068756,-,+,-,+,-,+,RhlfBt,rHlFbT
ɔ,+,-,-,-,+,-,o,0.5126903553299492,0.8835341365461847,-0.3708437812162355,+,-,-,-,+,+,RhlfBt,RhlfBT
ɔ,+,-,-,-,+,-,u,0.9238578680203046,0.9839357429718876,-0.06007787495158301,+,+,-,-,+,+,RhlfBt,RHlfBT
ɔ,+,-,-,-,+,-,ə,0.12690355329949238,0.27710843373493976,-0.1502048804354474,-,-,-,-,-,-,RhlfBt,rhlfbt
ɔ,+,-,-,-,+,-,y,0.01522842639593908,0.04417670682730924,-0.02894828043137015,+,+,-,+,-,+,RhlfBt,RHlFbT
ɔ,+,-,-,-,+,-,ɑ,0.04060913705583756,0.06024096385542168,-0.01963182679958412,-,-,+,-,+,-,RhlfBt,rhLfBt
ɔ,+,-,-,-,+,-,ɤ,0.01522842639593908,0.04819277108433735,-0.03296434468839826,-,-,-,-,+,+,RhlfBt,rhlfBT
ɔ,+,-,-,-,+,-,æ,0.04568527918781726,0.08032128514056225,-0.03463600595274499,-,-,+,+,-,-,RhlfBt,rhLFbt
ɔ,+,-,-,-,+,-,ɛ,0.883248730964467,0.8995983935742972,-0.01634966260983017,-,-,-,+,-,-,RhlfBt,rhlFbt
ɔ,+,-,-,-,+,-,ɪ,0.18274111675126903,0.24096385542168677,-0.05822273867041772,-,+,-,+,-,-,RhlfBt,rHlFbt
ɔ,+,-,-,-,+,-,ʊ,0.15228426395939088,0.20883534136546184,-0.05655107740607096,+,+,-,-,+,-,RhlfBt,RHlfBt
ɔ,+,-,-,-,+,-,ɯ,0.07106598984771574,0.07630522088353414,-0.0052392310358184,-,+,-,-,+,+,RhlfBt,rHlfBT
ɔ,+,-,-,-,+,-,ɨ,0.08121827411167512,0.14457831325301204,-0.06336003914133692,-,+,-,-,-,+,RhlfBt,rHlfbT
ɔ,+,-,-,-,+,-,ø,0,0.03614457831325301,-0.03614457831325301,+,-,-,+,-,+,RhlfBt,RhlFbT
ɔ,+,-,-,-,+,-,œ,0.01522842639593908,0.02811244979919678,-0.0128840234032577,+,-,-,+,-,-,RhlfBt,RhlFbt
ɔ,+,-,-,-,+,-,ɒ,0,0.02008032128514056,-0.02008032128514056,+,-,+,-,+,-,RhlfBt,RhLfBt
ɔ,+,-,-,-,+,-,ɐ,0.01522842639593908,0.02811244979919678,-0.0128840234032577,+,-,+,-,-,-,RhlfBt,RhLfbt
ɔ,+,-,-,-,+,-,ʌ,0.05076142131979695,0.05622489959839357,-0.00546347827859661,-,-,-,-,+,-,RhlfBt,rhlfBt
ɨ,-,+,-,-,-,+,a,0.9375,0.9772727272727272,-0.03977272727272729,-,-,+,-,-,-,rHlfbT,rhLfbt
ɨ,-,+,-,-,-,+,e,0.7708333333333334,0.8560606060606061,-0.08522727272727271,-,-,-,+,-,+,rHlfbT,rhlFbT
ɨ,-,+,-,-,-,+,i,0.9895833333333334,1,-0.01041666666666663,-,+,-,+,-,+,rHlfbT,rHlFbT
ɨ,-,+,-,-,-,+,o,0.7604166666666666,0.8409090909090909,-0.08049242424242431,+,-,-,-,+,+,rHlfbT,RhlfBT
ɨ,-,+,-,-,-,+,u,0.8541666666666666,0.8863636363636364,-0.03219696969696972,+,+,-,-,+,+,rHlfbT,RHlfBT
ɨ,-,+,-,-,-,+,ə,0.15625,0.2803030303030303,-0.12405303030303028,-,-,-,-,-,-,rHlfbT,rhlfbt
ɨ,-,+,-,-,-,+,y,0,0.0303030303030303,-0.0303030303030303,+,+,-,+,-,+,rHlfbT,RHlFbT
ɨ,-,+,-,-,-,+,ɑ,0.02083333333333333,0.04545454545454545,-0.02462121212121212,-,-,+,-,+,-,rHlfbT,rhLfBt
ɨ,-,+,-,-,-,+,ɤ,0,0,0,-,-,-,-,+,+,rHlfbT,rhlfBT
ɨ,-,+,-,-,-,+,æ,0.04166666666666666,0.05303030303030303,-0.01136363636363636,-,-,+,+,-,-,rHlfbT,rhLFbt
ɨ,-,+,-,-,-,+,ɛ,0.1875,0.2803030303030303,-0.09280303030303028,-,-,-,+,-,-,rHlfbT,rhlFbt
ɨ,-,+,-,-,-,+,ɪ,0.04166666666666666,0.04545454545454545,-0.00378787878787879,-,+,-,+,-,-,rHlfbT,rHlFbt
ɨ,-,+,-,-,-,+,ʊ,0.02083333333333333,0.01515151515151515,0.00568181818181818,+,+,-,-,+,-,rHlfbT,RHlfBt
ɨ,-,+,-,-,-,+,ɔ,0.16666666666666666,0.2727272727272727,-0.10606060606060604,+,-,-,-,+,-,rHlfbT,RhlfBt
ɨ,-,+,-,-,-,+,ɯ,0.01041666666666666,0.0303030303030303,-0.01988636363636364,-,+,-,-,+,+,rHlfbT,rHlfBT
ɨ,-,+,-,-,-,+,ø,0,0.00757575757575757,-0.00757575757575757,+,-,-,+,-,+,rHlfbT,RhlFbT
ɨ,-,+,-,-,-,+,œ,0,0.00757575757575757,-0.00757575757575757,+,-,-,+,-,-,rHlfbT,RhlFbt
ɨ,-,+,-,-,-,+,ɒ,0,0.02272727272727272,-0.02272727272727272,+,-,+,-,+,-,rHlfbT,RhLfBt
ɨ,-,+,-,-,-,+,ɐ,0,0,0,+,-,+,-,-,-,rHlfbT,RhLfbt
ɨ,-,+,-,-,-,+,ʌ,0.01041666666666666,0.0303030303030303,-0.01988636363636364,-,-,-,-,+,-,rHlfbT,rhlfBt
ʊ,+,+,-,-,+,-,a,0.7142857142857143,0.9393939393939394,-0.22510822510822515,-,-,+,-,-,-,RHlfBt,rhLfbt
ʊ,+,+,-,-,+,-,e,0.5873015873015873,0.9393939393939394,-0.3520923520923521,-,-,-,+,-,+,RHlfBt,rhlFbT
ʊ,+,+,-,-,+,-,i,0.7777777777777778,1,-0.2222222222222222,-,+,-,+,-,+,RHlfBt,rHlFbT
ʊ,+,+,-,-,+,-,o,0.6984126984126984,0.9848484848484848,-0.2864357864357865,+,-,-,-,+,+,RHlfBt,RhlfBT
ʊ,+,+,-,-,+,-,u,0.873015873015873,0.9393939393939394,-0.06637806637806642,+,+,-,-,+,+,RHlfBt,RHlfBT
ʊ,+,+,-,-,+,-,ə,0.2698412698412698,0.2878787878787879,-0.01803751803751807,-,-,-,-,-,-,RHlfBt,rhlfbt
ʊ,+,+,-,-,+,-,y,0,0.01515151515151515,-0.01515151515151515,+,+,-,+,-,+,RHlfBt,RHlFbT
ʊ,+,+,-,-,+,-,ɑ,0.14285714285714285,0.09090909090909093,0.05194805194805194,-,-,+,-,+,-,RHlfBt,rhLfBt
ʊ,+,+,-,-,+,-,ɤ,0,0.01515151515151515,-0.01515151515151515,-,-,-,-,+,+,RHlfBt,rhlfBT
ʊ,+,+,-,-,+,-,æ,0.2698412698412698,0.16666666666666666,0.10317460317460315,-,-,+,+,-,-,RHlfBt,rhLFbt
ʊ,+,+,-,-,+,-,ɛ,0.5238095238095238,0.8181818181818182,-0.2943722943722944,-,-,-,+,-,-,RHlfBt,rhlFbt
ʊ,+,+,-,-,+,-,ɪ,0.9047619047619048,0.9393939393939394,-0.03463203463203468,-,+,-,+,-,-,RHlfBt,rHlFbt
ʊ,+,+,-,-,+,-,ɔ,0.47619047619047616,0.7878787878787878,-0.3116883116883117,+,-,-,-,+,-,RHlfBt,RhlfBt
ʊ,+,+,-,-,+,-,ɯ,0,0.01515151515151515,-0.01515151515151515,-,+,-,-,+,+,RHlfBt,rHlfBT
ʊ,+,+,-,-,+,-,ɨ,0.03174603174603174,0.0303030303030303,0.00144300144300144,-,+,-,-,-,+,RHlfBt,rHlfbT
ʊ,+,+,-,-,+,-,ø,0.01587301587301587,0.0303030303030303,-0.01443001443001443,+,-,-,+,-,+,RHlfBt,RhlFbT
ʊ,+,+,-,-,+,-,œ,0,0.0303030303030303,-0.0303030303030303,+,-,-,+,-,-,RHlfBt,RhlFbt
ʊ,+,+,-,-,+,-,ɒ,0.03174603174603174,0.0303030303030303,0.00144300144300144,+,-,+,-,+,-,RHlfBt,RhLfBt
ʊ,+,+,-,-,+,-,ɐ,0,0.01515151515151515,-0.01515151515151515,+,-,+,-,-,-,RHlfBt,RhLfbt
ʊ,+,+,-,-,+,-,ʌ,0.09523809523809525,0.12121212121212122,-0.02597402597402598,-,-,-,-,+,-,RHlfBt,rhlfBt
ɪ,-,+,-,+,-,-,a,0.7887323943661971,0.9333333333333332,-0.14460093896713622,-,-,+,-,-,-,rHlFbt,rhLfbt
ɪ,-,+,-,+,-,-,e,0.5211267605633803,0.8666666666666667,-0.34553990610328644,-,-,-,+,-,+,rHlFbt,rhlFbT
ɪ,-,+,-,+,-,-,i,0.7605633802816901,0.96,-0.19943661971830984,-,+,-,+,-,+,rHlFbt,rHlFbT
ɪ,-,+,-,+,-,-,o,0.676056338028169,0.96,-0.28394366197183096,+,-,-,-,+,+,rHlFbt,RhlfBT
ɪ,-,+,-,+,-,-,u,0.8169014084507042,0.9066666666666666,-0.08976525821596237,+,+,-,-,+,+,rHlFbt,RHlfBT
ɪ,-,+,-,+,-,-,ə,0.2112676056338028,0.32,-0.1087323943661972,-,-,-,-,-,-,rHlFbt,rhlfbt
ɪ,-,+,-,+,-,-,y,0.01408450704225352,0.04,-0.02591549295774647,+,+,-,+,-,+,rHlFbt,RHlFbT
ɪ,-,+,-,+,-,-,ɑ,0.09859154929577464,0.12,-0.02140845070422535,-,-,+,-,+,-,rHlFbt,rhLfBt
ɪ,-,+,-,+,-,-,ɤ,0,0.01333333333333333,-0.01333333333333333,-,-,-,-,+,+,rHlFbt,rhlfBT
ɪ,-,+,-,+,-,-,æ,0.2112676056338028,0.18666666666666668,0.02460093896713613,-,-,+,+,-,-,rHlFbt,rhLFbt
ɪ,-,+,-,+,-,-,ɛ,0.5352112676056338,0.8,-0.2647887323943663,-,-,-,+,-,-,rHlFbt,rhlFbt
ɪ,-,+,-,+,-,-,ʊ,0.8028169014084507,0.8266666666666667,-0.02384976525821591,+,+,-,-,+,-,rHlFbt,RHlfBt
ɪ,-,+,-,+,-,-,ɔ,0.5070422535211268,0.8,-0.2929577464788733,+,-,-,-,+,-,rHlFbt,RhlfBt
ɪ,-,+,-,+,-,-,ɯ,0.04225352112676056,0.04,0.00225352112676056,-,+,-,-,+,+,rHlFbt,rHlfBT
ɪ,-,+,-,+,-,-,ɨ,0.05633802816901408,0.08,-0.02366197183098591,-,+,-,-,-,+,rHlFbt,rHlfbT
ɪ,-,+,-,+,-,-,ø,0.01408450704225352,0.04,-0.02591549295774647,+,-,-,+,-,+,rHlFbt,RhlFbT
ɪ,-,+,-,+,-,-,œ,0.01408450704225352,0.05333333333333334,-0.03924882629107981,+,-,-,+,-,-,rHlFbt,RhlFbt
ɪ,-,+,-,+,-,-,ɒ,0.02816901408450704,0.02666666666666667,0.00150234741784037,+,-,+,-,+,-,rHlFbt,RhLfBt
ɪ,-,+,-,+,-,-,ɐ,0.01408450704225352,0.02666666666666667,-0.01258215962441314,+,-,+,-,-,-,rHlFbt,RhLfbt
ɪ,-,+,-,+,-,-,ʌ,0.08450704225352113,0.10666666666666667,-0.02215962441314555,-,-,-,-,+,-,rHlFbt,rhlfBt
ə,-,-,-,-,-,-,a,0.7222222222222222,0.950413223140496,-0.2281910009182737,-,-,+,-,-,-,rhlfbt,rhLfbt
ə,-,-,-,-,-,-,e,0.7083333333333334,0.9090909090909092,-0.2007575757575757,-,-,-,+,-,+,rhlfbt,rhlFbT
ə,-,-,-,-,-,-,i,0.8888888888888888,1,-0.11111111111111116,-,+,-,+,-,+,rhlfbt,rHlFbT
ə,-,-,-,-,-,-,o,0.7916666666666666,0.9421487603305784,-0.15048209366391185,+,-,-,-,+,+,rhlfbt,RhlfBT
ə,-,-,-,-,-,-,u,0.8194444444444444,0.9586776859504132,-0.13923324150596883,+,+,-,-,+,+,rhlfbt,RHlfBT
ə,-,-,-,-,-,-,y,0,0.08264462809917356,-0.08264462809917356,+,+,-,+,-,+,rhlfbt,RHlFbT
ə,-,-,-,-,-,-,ɑ,0.18055555555555555,0.1322314049586777,0.04832415059687786,-,-,+,-,+,-,rhlfbt,rhLfBt
ə,-,-,-,-,-,-,ɤ,0,0.00826446280991735,-0.00826446280991735,-,-,-,-,+,+,rhlfbt,rhlfBT
ə,-,-,-,-,-,-,æ,0.1527777777777778,0.15702479338842976,-0.00424701561065196,-,-,+,+,-,-,rhlfbt,rhLFbt
ə,-,-,-,-,-,-,ɛ,0.3333333333333333,0.5950413223140496,-0.2617079889807163,-,-,-,+,-,-,rhlfbt,rhlFbt
ə,-,-,-,-,-,-,ɪ,0.20833333333333337,0.1983471074380165,0.0099862258953168,-,+,-,+,-,-,rhlfbt,rHlFbt
ə,-,-,-,-,-,-,ʊ,0.2361111111111111,0.15702479338842976,0.07908631772268135,+,+,-,-,+,-,rhlfbt,RHlfBt
ə,-,-,-,-,-,-,ɔ,0.3472222222222222,0.5702479338842975,-0.2230257116620753,+,-,-,-,+,-,rhlfbt,RhlfBt
ə,-,-,-,-,-,-,ɯ,0.06944444444444445,0.08264462809917356,-0.0132001836547291,-,+,-,-,+,+,rhlfbt,rHlfBT
ə,-,-,-,-,-,-,ɨ,0.20833333333333337,0.30578512396694213,-0.0974517906336088,-,+,-,-,-,+,rhlfbt,rHlfbT
ə,-,-,-,-,-,-,ø,0,0.04132231404958678,-0.04132231404958678,+,-,-,+,-,+,rhlfbt,RhlFbT
ə,-,-,-,-,-,-,œ,0,0.01652892561983471,-0.01652892561983471,+,-,-,+,-,-,rhlfbt,RhlFbt
ə,-,-,-,-,-,-,ɒ,0.02777777777777777,0.03305785123966942,-0.00528007346189164,+,-,+,-,+,-,rhlfbt,RhLfBt
ə,-,-,-,-,-,-,ɐ,0.01388888888888888,0.03305785123966942,-0.01916896235078053,+,-,+,-,-,-,rhlfbt,RhLfbt
ə,-,-,-,-,-,-,ʌ,0.04166666666666666,0.04958677685950413,-0.00792011019283747,-,-,-,-,+,-,rhlfbt,rhlfBt
ɑ,-,-,+,-,+,-,a,0.2571428571428571,0.4,-0.1428571428571429,-,-,+,-,-,-,rhLfBt,rhLfbt
ɑ,-,-,+,-,+,-,e,0.5428571428571428,0.8285714285714286,-0.2857142857142858,-,-,-,+,-,+,rhLfBt,rhlFbT
ɑ,-,-,+,-,+,-,i,0.7714285714285715,1,-0.22857142857142856,-,+,-,+,-,+,rhLfBt,rHlFbT
ɑ,-,-,+,-,+,-,o,0.6857142857142857,0.8571428571428571,-0.17142857142857135,+,-,-,-,+,+,rhLfBt,RhlfBT
ɑ,-,-,+,-,+,-,u,0.6857142857142857,0.9714285714285714,-0.2857142857142857,+,+,-,-,+,+,rhLfBt,RHlfBT
ɑ,-,-,+,-,+,-,ə,0.37142857142857144,0.45714285714285713,-0.08571428571428569,-,-,-,-,-,-,rhLfBt,rhlfbt
ɑ,-,-,+,-,+,-,y,0.05714285714285714,0.17142857142857143,-0.1142857142857143,+,+,-,+,-,+,rhLfBt,RHlFbT
ɑ,-,-,+,-,+,-,ɤ,0.02857142857142857,0.05714285714285714,-0.02857142857142857,-,-,-,-,+,+,rhLfBt,rhlfBT
ɑ,-,-,+,-,+,-,æ,0.34285714285714286,0.2857142857142857,0.05714285714285716,-,-,+,+,-,-,rhLfBt,rhLFbt
ɑ,-,-,+,-,+,-,ɛ,0.3142857142857143,0.45714285714285713,-0.14285714285714285,-,-,-,+,-,-,rhLfBt,rhlFbt
ɑ,-,-,+,-,+,-,ɪ,0.2,0.2571428571428571,-0.0571428571428571,-,+,-,+,-,-,rhLfBt,rHlFbt
ɑ,-,-,+,-,+,-,ʊ,0.2571428571428571,0.17142857142857143,0.08571428571428569,+,+,-,-,+,-,rhLfBt,RHlfBt
ɑ,-,-,+,-,+,-,ɔ,0.22857142857142856,0.42857142857142855,-0.2,+,-,-,-,+,-,rhLfBt,RhlfBt
ɑ,-,-,+,-,+,-,ɯ,0.02857142857142857,0.11428571428571428,-0.08571428571428572,-,+,-,-,+,+,rhLfBt,rHlfBT
ɑ,-,-,+,-,+,-,ɨ,0.05714285714285714,0.17142857142857143,-0.1142857142857143,-,+,-,-,-,+,rhLfBt,rHlfbT
ɑ,-,-,+,-,+,-,ø,0,0.11428571428571428,-0.11428571428571428,+,-,-,+,-,+,rhLfBt,RhlFbT
ɑ,-,-,+,-,+,-,œ,0.02857142857142857,0.08571428571428572,-0.05714285714285715,+,-,-,+,-,-,rhLfBt,RhlFbt
ɑ,-,-,+,-,+,-,ɒ,0,0,0,+,-,+,-,+,-,rhLfBt,RhLfBt
ɑ,-,-,+,-,+,-,ɐ,0,0.05714285714285714,-0.05714285714285714,+,-,+,-,-,-,rhLfBt,RhLfbt
ɑ,-,-,+,-,+,-,ʌ,0.02857142857142857,0.05714285714285714,-0.02857142857142857,-,-,-,-,+,-,rhLfBt,rhlfBt
ɛ,-,-,-,+,-,-,a,0.8947368421052632,0.9433962264150944,-0.04865938430983119,-,-,+,-,-,-,rhlFbt,rhLfbt
ɛ,-,-,-,+,-,-,e,0.430622009569378,0.8188679245283019,-0.3882459149589239,-,-,-,+,-,+,rhlFbt,rhlFbT
ɛ,-,-,-,+,-,-,i,0.8899521531100478,0.9962264150943396,-0.1062742619842918,-,+,-,+,-,+,rhlFbt,rHlFbT
ɛ,-,-,-,+,-,-,o,0.5358851674641149,0.8943396226415095,-0.3584544551773946,+,-,-,-,+,+,rhlFbt,RhlfBT
ɛ,-,-,-,+,-,-,u,0.861244019138756,0.9509433962264152,-0.08969937708765907,+,+,-,-,+,+,rhlFbt,RHlfBT
ɛ,-,-,-,+,-,-,ə,0.11483253588516748,0.27169811320754716,-0.1568655773223797,-,-,-,-,-,-,rhlFbt,rhlfbt
ɛ,-,-,-,+,-,-,y,0.02392344497607655,0.05660377358490566,-0.03268032860882911,+,+,-,+,-,+,rhlFbt,RHlFbT
ɛ,-,-,-,+,-,-,ɑ,0.05263157894736842,0.06037735849056604,-0.00774577954319762,-,-,+,-,+,-,rhlFbt,rhLfBt
ɛ,-,-,-,+,-,-,ɤ,0.01435406698564593,0.04528301886792452,-0.03092895188227859,-,-,-,-,+,+,rhlFbt,rhlfBT
ɛ,-,-,-,+,-,-,æ,0.01435406698564593,0.06792452830188679,-0.05357046131624086,-,-,+,+,-,-,rhlFbt,rhLFbt
ɛ,-,-,-,+,-,-,ɪ,0.18181818181818185,0.22641509433962265,-0.04459691252144082,-,+,-,+,-,-,rhlFbt,rHlFbt
ɛ,-,-,-,+,-,-,ʊ,0.15789473684210523,0.2037735849056604,-0.04587884806355513,+,+,-,-,+,-,rhlFbt,RHlfBt
ɛ,-,-,-,+,-,-,ɔ,0.8325358851674641,0.8452830188679246,-0.01274713370046043,+,-,-,-,+,-,rhlFbt,RhlfBt
ɛ,-,-,-,+,-,-,ɯ,0.05741626794258373,0.0830188679245283,-0.02560259998194456,-,+,-,-,+,+,rhlFbt,rHlfBT
ɛ,-,-,-,+,-,-,ɨ,0.0861244019138756,0.13962264150943396,-0.05349823959555835,-,+,-,-,-,+,rhlFbt,rHlfbT
ɛ,-,-,-,+,-,-,ø,0.01435406698564593,0.04150943396226415,-0.02715536697661821,+,-,-,+,-,+,rhlFbt,RhlFbT
ɛ,-,-,-,+,-,-,œ,0.01435406698564593,0.03773584905660377,-0.02338178207095784,+,-,-,+,-,-,rhlFbt,RhlFbt
ɛ,-,-,-,+,-,-,ɒ,0.00478468899521531,0.02264150943396226,-0.01785682043874695,+,-,+,-,+,-,rhlFbt,RhLfBt
ɛ,-,-,-,+,-,-,ɐ,0.01435406698564593,0.02264150943396226,-0.00828744244831633,+,-,+,-,-,-,rhlFbt,RhLfbt
ɛ,-,-,-,+,-,-,ʌ,0.05741626794258373,0.06037735849056604,-0.0029610905479823,-,-,-,-,+,-,rhlFbt,rhlfBt
ɒ,+,-,+,-,+,-,a,0.6,0.9,-0.30000000000000004,-,-,+,-,-,-,RhLfBt,rhLfbt
ɒ,+,-,+,-,+,-,e,0.8,0.8,0,-,-,-,+,-,+,RhLfBt,rhlFbT
ɒ,+,-,+,-,+,-,i,0.6,1,-0.4,-,+,-,+,-,+,RhLfBt,rHlFbT
ɒ,+,-,+,-,+,-,o,0.8,1,-0.19999999999999996,+,-,-,-,+,+,RhLfBt,RhlfBT
ɒ,+,-,+,-,+,-,u,0.4,0.9,-0.5,+,+,-,-,+,+,RhLfBt,RHlfBT
ɒ,+,-,+,-,+,-,ə,0.4,0.4,0,-,-,-,-,-,-,RhLfBt,rhlfbt
ɒ,+,-,+,-,+,-,y,0,0.2,-0.2,+,+,-,+,-,+,RhLfBt,RHlFbT
ɒ,+,-,+,-,+,-,ɑ,0,0,0,-,-,+,-,+,-,RhLfBt,rhLfBt
ɒ,+,-,+,-,+,-,ɤ,0,0,0,-,-,-,-,+,+,RhLfBt,rhlfBT
ɒ,+,-,+,-,+,-,æ,0.4,0.3,0.10000000000000003,-,-,+,+,-,-,RhLfBt,rhLFbt
ɒ,+,-,+,-,+,-,ɛ,0.2,0.6,-0.4,-,-,-,+,-,-,RhLfBt,rhlFbt
ɒ,+,-,+,-,+,-,ɪ,0.4,0.2,0.2,-,+,-,+,-,-,RhLfBt,rHlFbt
ɒ,+,-,+,-,+,-,ʊ,0.4,0.2,0.2,+,+,-,-,+,-,RhLfBt,RHlfBt
ɒ,+,-,+,-,+,-,ɔ,0,0.5,-0.5,+,-,-,-,+,-,RhLfBt,RhlfBt
ɒ,+,-,+,-,+,-,ɯ,0,0,0,-,+,-,-,+,+,RhLfBt,rHlfBT
ɒ,+,-,+,-,+,-,ɨ,0,0.3,-0.3,-,+,-,-,-,+,RhLfBt,rHlfbT
ɒ,+,-,+,-,+,-,ø,0.2,0.2,0,+,-,-,+,-,+,RhLfBt,RhlFbT
ɒ,+,-,+,-,+,-,œ,0.2,0.1,0.1,+,-,-,+,-,-,RhLfBt,RhlFbt
ɒ,+,-,+,-,+,-,ɐ,0,0,0,+,-,+,-,-,-,RhLfBt,RhLfbt
ɒ,+,-,+,-,+,-,ʌ,0,0,0,-,-,-,-,+,-,RhLfBt,rhlfBt
ɐ,+,-,+,-,-,-,a,0.5,0.75,-0.25,-,-,+,-,-,-,RhLfbt,rhLfbt
ɐ,+,-,+,-,-,-,e,0.6666666666666666,0.75,-0.08333333333333337,-,-,-,+,-,+,RhLfbt,rhlFbT
ɐ,+,-,+,-,-,-,i,0.8333333333333334,0.875,-0.04166666666666663,-,+,-,+,-,+,RhLfbt,rHlFbT
ɐ,+,-,+,-,-,-,o,0.6666666666666666,0.875,-0.20833333333333337,+,-,-,-,+,+,RhLfbt,RhlfBT
ɐ,+,-,+,-,-,-,u,0.6666666666666666,0.875,-0.20833333333333337,+,+,-,-,+,+,RhLfbt,RHlfBT
ɐ,+,-,+,-,-,-,ə,0.16666666666666666,0.5,-0.33333333333333337,-,-,-,-,-,-,RhLfbt,rhlfbt
ɐ,+,-,+,-,-,-,y,0.16666666666666666,0.25,-0.08333333333333334,+,+,-,+,-,+,RhLfbt,RHlFbT
ɐ,+,-,+,-,-,-,ɑ,0,0.25,-0.25,-,-,+,-,+,-,RhLfbt,rhLfBt
ɐ,+,-,+,-,-,-,ɤ,0.16666666666666666,0.125,0.04166666666666666,-,-,-,-,+,+,RhLfbt,rhlfBT
ɐ,+,-,+,-,-,-,æ,0,0.25,-0.25,-,-,+,+,-,-,RhLfbt,rhLFbt
ɐ,+,-,+,-,-,-,ɛ,0.5,0.75,-0.25,-,-,-,+,-,-,RhLfbt,rhlFbt
ɐ,+,-,+,-,-,-,ɪ,0.16666666666666666,0.25,-0.08333333333333334,-,+,-,+,-,-,RhLfbt,rHlFbt
ɐ,+,-,+,-,-,-,ʊ,0,0.125,-0.125,+,+,-,-,+,-,RhLfbt,RHlfBt
ɐ,+,-,+,-,-,-,ɔ,0.5,0.875,-0.375,+,-,-,-,+,-,RhLfbt,RhlfBt
ɐ,+,-,+,-,-,-,ɯ,0.3333333333333333,0.375,-0.04166666666666668,-,+,-,-,+,+,RhLfbt,rHlfBT
ɐ,+,-,+,-,-,-,ɨ,0,0,0,-,+,-,-,-,+,RhLfbt,rHlfbT
ɐ,+,-,+,-,-,-,ø,0,0.125,-0.125,+,-,-,+,-,+,RhLfbt,RhlFbT
ɐ,+,-,+,-,-,-,œ,0.16666666666666666,0.125,0.04166666666666666,+,-,-,+,-,-,RhLfbt,RhlFbt
ɐ,+,-,+,-,-,-,ɒ,0,0,0,+,-,+,-,+,-,RhLfbt,RhLfBt
ɐ,+,-,+,-,-,-,ʌ,0,0,0,-,-,-,-,+,-,RhLfbt,rhlfBt
ʌ,-,-,-,-,+,-,a,0.9444444444444444,0.8461538461538461,0.09829059829059827,-,-,+,-,-,-,rhlfBt,rhLfbt
ʌ,-,-,-,-,+,-,e,0.6666666666666666,0.8846153846153846,-0.21794871794871795,-,-,-,+,-,+,rhlfBt,rhlFbT
ʌ,-,-,-,-,+,-,i,1,1,0,-,+,-,+,-,+,rhlfBt,rHlFbT
ʌ,-,-,-,-,+,-,o,0.6666666666666666,0.9230769230769232,-0.2564102564102565,+,-,-,-,+,+,rhlfBt,RhlfBT
ʌ,-,-,-,-,+,-,u,1,1,0,+,+,-,-,+,+,rhlfBt,RHlfBT
ʌ,-,-,-,-,+,-,ə,0.16666666666666666,0.2307692307692308,-0.06410256410256412,-,-,-,-,-,-,rhlfBt,rhlfbt
ʌ,-,-,-,-,+,-,y,0,0,0,+,+,-,+,-,+,rhlfBt,RHlFbT
ʌ,-,-,-,-,+,-,ɑ,0.05555555555555555,0.07692307692307693,-0.02136752136752137,-,-,+,-,+,-,rhlfBt,rhLfBt
ʌ,-,-,-,-,+,-,ɤ,0.05555555555555555,0.15384615384615383,-0.0982905982905983,-,-,-,-,+,+,rhlfBt,rhlfBT
ʌ,-,-,-,-,+,-,æ,0.05555555555555555,0.15384615384615383,-0.0982905982905983,-,-,+,+,-,-,rhlfBt,rhLFbt
ʌ,-,-,-,-,+,-,ɛ,0.6666666666666666,0.6153846153846154,0.05128205128205121,-,-,-,+,-,-,rhlfBt,rhlFbt
ʌ,-,-,-,-,+,-,ɪ,0.3333333333333333,0.3076923076923077,0.0256410256410256,-,+,-,+,-,-,rhlfBt,rHlFbt
ʌ,-,-,-,-,+,-,ʊ,0.3333333333333333,0.3076923076923077,0.0256410256410256,+,+,-,-,+,-,rhlfBt,RHlfBt
ʌ,-,-,-,-,+,-,ɔ,0.5555555555555556,0.5384615384615384,0.01709401709401714,+,-,-,-,+,-,rhlfBt,RhlfBt
ʌ,-,-,-,-,+,-,ɯ,0.2777777777777778,0.2692307692307692,0.00854700854700857,-,+,-,-,+,+,rhlfBt,rHlfBT
ʌ,-,-,-,-,+,-,ɨ,0.05555555555555555,0.15384615384615383,-0.0982905982905983,-,+,-,-,-,+,rhlfBt,rHlfbT
ʌ,-,-,-,-,+,-,ø,0,0,0,+,-,-,+,-,+,rhlfBt,RhlFbT
ʌ,-,-,-,-,+,-,œ,0,0,0,+,-,-,+,-,-,rhlfBt,RhlFbt
ʌ,-,-,-,-,+,-,ɒ,0,0,0,+,-,+,-,+,-,rhlfBt,RhLfBt
ʌ,-,-,-,-,+,-,ɐ,0,0,0,+,-,+,-,-,-,rhlfBt,RhLfbt
œ,+,-,-,+,-,-,a,0.5,0.8181818181818182,-0.31818181818181823,-,-,+,-,-,-,RhlFbt,rhLfbt
œ,+,-,-,+,-,-,e,0.5,0.7272727272727273,-0.2272727272727273,-,-,-,+,-,+,RhlFbt,rhlFbT
œ,+,-,-,+,-,-,i,0.5,0.9090909090909092,-0.40909090909090906,-,+,-,+,-,+,RhlFbt,rHlFbT
œ,+,-,-,+,-,-,o,0.25,0.8181818181818182,-0.5681818181818182,+,-,-,-,+,+,RhlFbt,RhlfBT
œ,+,-,-,+,-,-,u,0.25,0.8181818181818182,-0.5681818181818182,+,+,-,-,+,+,RhlFbt,RHlfBT
œ,+,-,-,+,-,-,ə,0,0.18181818181818185,-0.18181818181818185,-,-,-,-,-,-,RhlFbt,rhlfbt
œ,+,-,-,+,-,-,y,0.25,0.6363636363636364,-0.3863636363636363,+,+,-,+,-,+,RhlFbt,RHlFbT
œ,+,-,-,+,-,-,ɑ,0.25,0.2727272727272727,-0.0227272727272727,-,-,+,-,+,-,RhlFbt,rhLfBt
œ,+,-,-,+,-,-,ɤ,0,0,0,-,-,-,-,+,+,RhlFbt,rhlfBT
œ,+,-,-,+,-,-,æ,0.25,0.18181818181818185,0.06818181818181818,-,-,+,+,-,-,RhlFbt,rhLFbt
œ,+,-,-,+,-,-,ɛ,0.75,0.9090909090909092,-0.15909090909090906,-,-,-,+,-,-,RhlFbt,rhlFbt
œ,+,-,-,+,-,-,ɪ,0.25,0.3636363636363637,-0.11363636363636365,-,+,-,+,-,-,RhlFbt,rHlFbt
œ,+,-,-,+,-,-,ʊ,0,0.18181818181818185,-0.18181818181818185,+,+,-,-,+,-,RhlFbt,RHlfBt
œ,+,-,-,+,-,-,ɔ,0.75,0.6363636363636364,0.11363636363636365,+,-,-,-,+,-,RhlFbt,RhlfBt
œ,+,-,-,+,-,-,ɯ,0,0.09090909090909093,-0.09090909090909093,-,+,-,-,+,+,RhlFbt,rHlfBT
œ,+,-,-,+,-,-,ɨ,0,0.09090909090909093,-0.09090909090909093,-,+,-,-,-,+,RhlFbt,rHlfbT
œ,+,-,-,+,-,-,ø,0,0.3636363636363637,-0.3636363636363637,+,-,-,+,-,+,RhlFbt,RhlFbT
œ,+,-,-,+,-,-,ɒ,0.25,0.09090909090909093,0.1590909090909091,+,-,+,-,+,-,RhlFbt,RhLfBt
œ,+,-,-,+,-,-,ɐ,0.25,0.09090909090909093,0.1590909090909091,+,-,+,-,-,-,RhlFbt,RhLfbt
œ,+,-,-,+,-,-,ʌ,0,0,0,-,-,-,-,+,-,RhlFbt,rhlfBt
